{
  "formatVersion": 1,
  "database": {
    "version": 1,
    "identityHash": "fc304e657fa396e8b31bafe0126d63ab",
    "entities": [
      {
        "tableName": "persona",
        "createSql": "CREATE TABLE IF NOT EXISTS `${TABLE_NAME}` (`id` INTEGER NOT NULL, `nombre` TEXT, `apellido` TEXT, PRIMARY KEY(`id`))",
        "fields": [
          {
            "fieldPath": "id",
            "columnName": "id",
            "affinity": "INTEGER",
            "notNull": true
          },
          {
            "fieldPath": "nombre",
            "columnName": "nombre",
            "affinity": "TEXT",
            "notNull": false
          },
          {
            "fieldPath": "apellido",
            "columnName": "apellido",
            "affinity": "TEXT",
            "notNull": false
          }
        ],
        "primaryKey": {
          "columnNames": [
            "id"
          ],
          "autoGenerate": false
        },
        "indices": [],
        "foreignKeys": []
      }
    ],
    "views": [],
    "setupQueries": [
      "CREATE TABLE IF NOT EXISTS room_master_table (id INTEGER PRIMARY KEY,identity_hash TEXT)",
      "INSERT OR REPLACE INTO room_master_table (id,identity_hash) VALUES(42, 'fc304e657fa396e8b31bafe0126d63ab')"
    ]
  }
}