{
  "formatVersion": 1,
  "database": {
    "version": 2,
    "identityHash": "ff133d598e3b28537b971f5bcc8b44a8",
    "entities": [
      {
        "tableName": "persona",
        "createSql": "CREATE TABLE IF NOT EXISTS `${TABLE_NAME}` (`id` INTEGER PRIMARY KEY AUTOINCREMENT NOT NULL, `nombre` TEXT NOT NULL, `apellido` TEXT, `telefono` TEXT, `email` TEXT, `descripcion` TEXT, `ciudad` TEXT)",
        "fields": [
          {
            "fieldPath": "id",
            "columnName": "id",
            "affinity": "INTEGER",
            "notNull": true
          },
          {
            "fieldPath": "nombre",
            "columnName": "nombre",
            "affinity": "TEXT",
            "notNull": true
          },
          {
            "fieldPath": "apellido",
            "columnName": "apellido",
            "affinity": "TEXT",
            "notNull": false
          },
          {
            "fieldPath": "telefono",
            "columnName": "telefono",
            "affinity": "TEXT",
            "notNull": false
          },
          {
            "fieldPath": "email",
            "columnName": "email",
            "affinity": "TEXT",
            "notNull": false
          },
          {
            "fieldPath": "descripcion",
            "columnName": "descripcion",
            "affinity": "TEXT",
            "notNull": false
          },
          {
            "fieldPath": "ciudad",
            "columnName": "ciudad",
            "affinity": "TEXT",
            "notNull": false
          }
        ],
        "primaryKey": {
          "autoGenerate": true,
          "columnNames": [
            "id"
          ]
        },
        "indices": [],
        "foreignKeys": []
      }
    ],
    "views": [],
    "setupQueries": [
      "CREATE TABLE IF NOT EXISTS room_master_table (id INTEGER PRIMARY KEY,identity_hash TEXT)",
      "INSERT OR REPLACE INTO room_master_table (id,identity_hash) VALUES(42, 'ff133d598e3b28537b971f5bcc8b44a8')"
    ]
  }
}