{
  "formatVersion": 1,
  "database": {
    "version": 3,
    "identityHash": "c860957ce9af36924defdaad9445c080",
    "entities": [
      {
        "tableName": "persona",
        "createSql": "CREATE TABLE IF NOT EXISTS `${TABLE_NAME}` (`id` INTEGER PRIMARY KEY AUTOINCREMENT NOT NULL, `nombre` TEXT NOT NULL, `apellido` TEXT)",
        "fields": [
          {
            "fieldPath": "id",
            "columnName": "id",
            "affinity": "INTEGER",
            "notNull": true
          },
          {
            "fieldPath": "nombre",
            "columnName": "nombre",
            "affinity": "TEXT",
            "notNull": true
          },
          {
            "fieldPath": "apellido",
            "columnName": "apellido",
            "affinity": "TEXT",
            "notNull": false
          }
        ],
        "primaryKey": {
          "autoGenerate": true,
          "columnNames": [
            "id"
          ]
        },
        "indices": [],
        "foreignKeys": []
      }
    ],
    "views": [],
    "setupQueries": [
      "CREATE TABLE IF NOT EXISTS room_master_table (id INTEGER PRIMARY KEY,identity_hash TEXT)",
      "INSERT OR REPLACE INTO room_master_table (id,identity_hash) VALUES(42, 'c860957ce9af36924defdaad9445c080')"
    ]
  }
}